subclass	superfamily	family	total_bp	mean_width	min_width	max_width	sd_width	mean_div	min_div	max_div	sd_div
DNA	Academ	RND-1_FAMILY-261	24209	756.53	110	3063	703.89	0.13	0.02	0.35	0.1
DNA	Academ	RND-4_FAMILY-1320	33964	628.96	103	1901	482.36	0.12	0	0.33	0.09
DNA	CMC	RND-1_FAMILY-1	400065	1007.72	103	3955	711.71	0.04	0	0.32	0.05
DNA	CMC	RND-1_FAMILY-155	566736	1019.31	101	3661	833.86	0.07	0.01	0.4	0.07
DNA	CMC	RND-1_FAMILY-170	113522	576.25	101	1350	457.08	0.13	0	0.34	0.09
DNA	CMC	RND-1_FAMILY-208	116945	464.07	101	2385	406.78	0.06	-0	0.28	0.06
DNA	CMC	RND-1_FAMILY-354	15339	243.48	101	676	153.06	0.12	0.05	0.29	0.05
DNA	CMC	RND-1_FAMILY-368	74690	588.11	107	1641	282.41	0.04	0.01	0.12	0.02
DNA	CMC	RND-1_FAMILY-435	81893	724.72	102	3834	898.72	0.13	-0	0.34	0.09
DNA	CMC	RND-1_FAMILY-438	12765	296.86	103	831	180.95	0.14	0.06	0.28	0.05
DNA	CMC	RND-1_FAMILY-494	30982	607.49	104	2192	595.47	0.21	0.01	0.41	0.14
DNA	CMC	RND-1_FAMILY-68	74591	431.16	106	1084	358.02	0.15	0	0.33	0.09
DNA	CMC	RND-4_FAMILY-1007	125427	667.16	105	5166	973.13	0.12	0.01	0.4	0.08
DNA	CMC	RND-4_FAMILY-1161	10898	403.63	107	1654	345.14	0.09	0.04	0.13	0.02
DNA	CMC	RND-4_FAMILY-1590	17359	642.93	113	2188	626.27	0.05	0.01	0.19	0.03
DNA	CMC	RND-4_FAMILY-163	50999	504.94	116	1944	334.49	0.12	0.03	0.32	0.06
DNA	CMC	RND-4_FAMILY-2085	30753	615.06	105	1394	452.76	0.11	0	0.21	0.07
DNA	CMC	RND-4_FAMILY-2194	59091	622.01	102	21978	3137.98	0.18	0	0.28	0.05
DNA	CMC	RND-4_FAMILY-238	104162	733.54	104	3154	661.79	0.2	0	0.36	0.12
DNA	CMC	RND-4_FAMILY-2563	43925	618.66	103	2672	614.59	0.13	0.01	0.3	0.11
DNA	CMC	RND-4_FAMILY-2726	117255	751.63	101	7329	1368.22	0.14	0	0.35	0.08
DNA	CMC	RND-4_FAMILY-3327	41370	626.82	108	1052	385.03	0.08	-0	0.29	0.08
DNA	CMC	RND-4_FAMILY-350	61647	655.82	116	1748	482.95	0.13	0.03	0.4	0.11
DNA	CMC	RND-4_FAMILY-4639	4420	276.25	103	667	178.63	0.14	0.02	0.29	0.11
DNA	CMC	RND-4_FAMILY-683	11760	435.56	103	1684	382.18	0.11	0.01	0.27	0.05
DNA	MULE	RND-4_FAMILY-5216	57320	955.33	102	2543	906.78	0.1	-0	0.3	0.1
DNA	Maverick	RND-1_FAMILY-247	704618	2072.41	101	24716	3526.52	0.07	-0	0.32	0.06
DNA	P	RND-1_FAMILY-162	48075	511.44	104	1937	399.64	0.11	0.02	0.23	0.06
DNA	P	RND-1_FAMILY-169	28384	465.31	104	2046	493	0.14	0.02	0.33	0.09
DNA	P	RND-1_FAMILY-20	137739	535.95	105	1667	341.03	0.08	-0	0.24	0.04
DNA	P	RND-1_FAMILY-392	86963	496.93	101	2205	423.55	0.06	-0	0.26	0.05
DNA	P	RND-4_FAMILY-3913	63075	463.79	101	2352	381.72	0.12	0	0.27	0.06
DNA	P	RND-4_FAMILY-5424	78567	411.35	101	3077	434.06	0.11	0.01	0.32	0.06
DNA	P	RND-4_FAMILY-5425	12041	463.12	113	1450	359.54	0.13	0.02	0.34	0.11
DNA	P	RND-4_FAMILY-71	24707	797	105	2841	717.41	0.13	0.02	0.38	0.11
DNA	PIF	RND-1_FAMILY-16	172367	509.96	102	1019	307.48	0.07	0.01	0.31	0.06
DNA	PIF	RND-1_FAMILY-171	11534	443.62	110	1065	362.45	0.12	0.03	0.29	0.08
DNA	PIF	RND-1_FAMILY-30	467928	656.28	103	1782	366.83	0.09	0.01	0.36	0.06
DNA	PIF	RND-1_FAMILY-320	149235	413.39	101	1340	280.48	0.13	0.03	0.3	0.05
DNA	PIF	RND-1_FAMILY-410	16728	355.91	111	1362	305.08	0.15	0.02	0.33	0.08
DNA	PIF	RND-4_FAMILY-1011	91134	670.1	101	2782	742.88	0.15	0.01	0.4	0.09
DNA	PIF	RND-4_FAMILY-1352	9310	321.03	124	641	170.66	0.05	0.01	0.25	0.05
DNA	PIF	RND-4_FAMILY-254	88481	574.55	101	2729	629.97	0.15	0	0.4	0.1
DNA	PIF	RND-4_FAMILY-680	77650	514.24	109	2268	421.32	0.16	0.03	0.36	0.09
DNA	PIF	RND-4_FAMILY-948	42688	723.53	113	2463	628.75	0.1	0.02	0.31	0.08
DNA	PiggyBac	RND-4_FAMILY-4470	8033	236.26	105	416	103.79	0.18	0.06	0.3	0.06
DNA	Sola	RND-4_FAMILY-4365	36524	652.21	101	2979	843.32	0.16	0.01	0.33	0.1
DNA	TcMar	RND-1_FAMILY-195	70494	881.18	116	1673	661.09	0.07	0	0.24	0.07
DNA	TcMar	RND-1_FAMILY-211	102243	612.23	107	1698	589.32	0.1	0	0.34	0.08
DNA	TcMar	RND-1_FAMILY-343	161265	948.62	103	1680	556	0.08	0	0.24	0.06
DNA	TcMar	RND-1_FAMILY-379	22601	904.04	102	1620	625.86	0.08	-0	0.38	0.13
DNA	TcMar	RND-1_FAMILY-439	44211	669.86	102	1661	519.67	0.13	0.01	0.44	0.11
DNA	TcMar	RND-1_FAMILY-449	39301	655.02	101	1550	452.65	0.08	0.01	0.24	0.07
DNA	TcMar	RND-1_FAMILY-450	50065	676.55	109	1671	557.97	0.15	0.01	0.32	0.09
DNA	TcMar	RND-1_FAMILY-46	220490	742.39	102	1955	539.84	0.1	-0	0.37	0.07
DNA	TcMar	RND-1_FAMILY-485	40958	602.32	102	1606	526.65	0.13	-0	0.34	0.1
DNA	TcMar	RND-3_FAMILY-312	37428	645.31	111	2372	470.72	0.07	0	0.24	0.06
DNA	TcMar	RND-3_FAMILY-563	55323	432.21	101	1829	375.21	0.11	-0	0.32	0.06
DNA	TcMar	RND-4_FAMILY-1003	35844	874.24	124	1336	421.05	0.03	0.01	0.31	0.05
DNA	TcMar	RND-4_FAMILY-1035	14898	198.64	101	669	102.08	0.21	0.1	0.31	0.04
DNA	TcMar	RND-4_FAMILY-1350	48350	493.37	101	2262	469.69	0.14	0.01	0.29	0.08
DNA	TcMar	RND-4_FAMILY-1424	24532	700.91	132	1701	601.29	0.14	0	0.38	0.11
DNA	TcMar	RND-4_FAMILY-1536	24159	575.21	119	1675	521.82	0.09	0.01	0.18	0.04
DNA	TcMar	RND-4_FAMILY-201	40717	783.02	107	1298	451.32	0.02	-0	0.05	0.01
DNA	TcMar	RND-4_FAMILY-2060	15918	430.22	101	1454	314.57	0.1	0.02	0.22	0.06
DNA	TcMar	RND-4_FAMILY-3040	18901	787.54	156	1734	557.13	0.12	0.01	0.33	0.09
DNA	TcMar	RND-4_FAMILY-3318	38602	357.43	108	1414	285.52	0.17	0.03	0.34	0.07
DNA	TcMar	RND-4_FAMILY-3675	44945	736.8	110	1669	496.06	0.11	0	0.33	0.08
DNA	TcMar	RND-4_FAMILY-4151	26470	529.4	104	1623	500.92	0.19	0	0.36	0.13
DNA	TcMar	RND-4_FAMILY-472	36961	596.15	101	1632	468.8	0.16	0.01	0.39	0.13
DNA	TcMar	RND-4_FAMILY-475	12009	400.3	102	1292	361.65	0.23	0	0.38	0.12
DNA	TcMar	RND-4_FAMILY-723	29798	532.11	109	1596	400.25	0.13	0.02	0.3	0.09
DNA	TcMar	RND-4_FAMILY-840	26915	841.09	103	2397	911.88	0.16	-0	0.35	0.13
DNA	hAT	RND-1_FAMILY-148	45328	246.35	101	721	59.83	0.02	-0	0.15	0.02
DNA	hAT	RND-1_FAMILY-387	34090	1033.03	101	3678	1178.97	0.09	0	0.31	0.08
DNA	hAT	RND-1_FAMILY-43	113075	467.25	102	1634	309.39	0.08	0.01	0.28	0.07
DNA	hAT	RND-3_FAMILY-289	58598	537.6	104	2394	532.02	0.2	0.02	0.46	0.12
DNA	hAT	RND-4_FAMILY-1008	115084	516.07	101	3720	739.83	0.14	0.01	0.33	0.08
DNA	hAT	RND-4_FAMILY-1129	53064	769.04	104	5409	818.65	0.18	0.04	0.34	0.1
DNA	hAT	RND-4_FAMILY-1327	10246	379.48	102	665	199.25	0.14	0.05	0.28	0.08
DNA	hAT	RND-4_FAMILY-1862	7153	210.38	106	552	119.28	0.14	0.07	0.24	0.05
DNA	hAT	RND-4_FAMILY-2010	1203	133.67	112	166	16.74	0.17	0.11	0.24	0.05
DNA	hAT	RND-4_FAMILY-235	35507	398.96	101	885	225.53	0.09	0.02	0.36	0.07
DNA	hAT	RND-4_FAMILY-2591	59716	775.53	101	3453	785.11	0.13	0.01	0.3	0.1
DNA	hAT	RND-4_FAMILY-328	49016	583.52	107	2844	705.54	0.12	0.01	0.44	0.11
DNA	hAT	RND-4_FAMILY-647	29264	860.71	107	3272	783.64	0.07	0.01	0.17	0.06
DNA	hAT	RND-4_FAMILY-73	8266	196.81	110	507	93.57	0.16	0.09	0.25	0.04
LINE	CR1	RND-1_FAMILY-111	350455	1251.62	105	4475	1310.55	0.15	0.01	0.41	0.12
LINE	CR1	RND-1_FAMILY-134	40706	442.46	102	3225	515.31	0.11	-0	0.28	0.08
LINE	CR1	RND-1_FAMILY-236	133204	516.29	101	1621	339.55	0.1	-0	0.33	0.07
LINE	CR1	RND-1_FAMILY-252	1475990	1407.04	101	5879	1296.2	0.09	-0	0.32	0.06
LINE	CR1	RND-1_FAMILY-280	26549	312.34	102	2077	385.28	0.19	-0	0.34	0.07
LINE	CR1	RND-1_FAMILY-403	214255	388.14	101	5904	470.84	0.12	0	0.33	0.06
LINE	CR1	RND-1_FAMILY-406	3117383	1435.92	101	6297	1341.21	0.1	-0	0.39	0.07
LINE	CR1	RND-1_FAMILY-457	117115	270.47	101	5475	480.96	0.14	-0	0.3	0.06
LINE	CR1	RND-1_FAMILY-465	40658	203.29	101	2647	352.33	0.16	-0	0.33	0.05
LINE	CR1	RND-4_FAMILY-1233	19240	418.26	101	1286	314.38	0.14	0.03	0.3	0.07
LINE	CR1	RND-4_FAMILY-4448	57804	448.09	101	6358	1134.17	0.14	0	0.37	0.07
LINE	CR1	RND-4_FAMILY-6354	748406	855.32	101	8499	1101.3	0.12	0	0.41	0.07
LINE	I	RND-1_FAMILY-304	19072	174.97	103	376	56.56	0.14	-0	0.38	0.08
LINE	I	RND-1_FAMILY-390	279186	1274.82	108	5406	1213.28	0.14	0	0.39	0.12
LINE	I	RND-3_FAMILY-286	114811	323.41	101	2580	317.23	0.07	-0	0.34	0.06
LINE	I	RND-3_FAMILY-526	70308	847.08	109	4882	1098.04	0.22	0	0.43	0.14
LINE	I	RND-4_FAMILY-1002	135148	1469	106	10364	2227.13	0.21	-0	0.39	0.12
LINE	I	RND-4_FAMILY-139	52568	796.48	106	2592	693.24	0.12	0.02	0.41	0.1
LINE	I	RND-4_FAMILY-270	22601	318.32	105	796	193.59	0.13	-0	0.41	0.08
LINE	I	RND-4_FAMILY-3560	38737	545.59	120	2114	451.56	0.06	-0	0.25	0.06
LINE	I	RND-4_FAMILY-4999	65056	970.99	101	4897	1167.88	0.1	0	0.32	0.09
LINE	I	RND-4_FAMILY-575	182727	951.7	101	5338	1141.95	0.15	0	0.35	0.11
LINE	L1	RND-1_FAMILY-59	38774	945.71	103	11339	2190.34	0.14	0.01	0.39	0.1
LINE	L2	RND-1_FAMILY-90	371086	1266.51	104	4698	1380.75	0.12	-0	0.4	0.11
LINE	LINE	RND-1_FAMILY-71	108617	261.1	101	1117	192.66	0.09	0.01	0.28	0.05
LINE	R1	RND-1_FAMILY-139	125977	580.54	101	3438	571.87	0.06	-0	0.3	0.06
LINE	R1	RND-1_FAMILY-222	61944	538.64	101	4469	917.5	0.18	0	0.32	0.08
LINE	R1	RND-1_FAMILY-53	2137808	1777.06	103	7757	1605.45	0.17	0.01	0.37	0.07
LINE	R1	RND-4_FAMILY-1216	60326	1283.53	121	3815	1276.72	0.16	0	0.34	0.11
LINE	R1	RND-4_FAMILY-1273	137459	848.51	102	6125	916.92	0.23	0.02	0.39	0.11
LINE	R1	RND-4_FAMILY-1276	2937	225.92	110	323	55.06	0.21	0.09	0.33	0.08
LINE	R1	RND-4_FAMILY-1283	89197	1221.88	124	4470	1101.77	0.12	0.01	0.48	0.12
LINE	R1	RND-4_FAMILY-355	197635	582.99	101	12313	1142.1	0.16	0.01	0.34	0.06
LINE	R1	RND-4_FAMILY-3896	9208	328.86	141	1149	277.52	0.13	0.04	0.19	0.04
LINE	R1	RND-4_FAMILY-5130	107356	1219.95	104	4906	1308.04	0.24	0.01	0.38	0.1
LINE	R1	RND-4_FAMILY-543	48248	946.04	101	11543	1956.56	0.1	0	0.2	0.07
LINE	R1	RND-4_FAMILY-629	26076	511.29	112	1362	319.25	0.2	0.07	0.35	0.05
LINE	R1	RND-4_FAMILY-985	25635	801.09	111	2613	732.9	0.17	0.01	0.34	0.1
LINE	RTE	RND-4_FAMILY-1112	20196	492.59	103	1526	459.15	0.15	0.03	0.26	0.07
LINE	RTE	RND-4_FAMILY-493	39207	642.74	112	1812	443.19	0.11	0.05	0.22	0.04
LTR	Copia	RND-4_FAMILY-4430	43650	1212.5	134	4236	1379.26	0.08	0	0.29	0.09
LTR	Copia	RND-4_FAMILY-637	127949	1319.06	109	4527	1578.6	0.14	-0	0.4	0.12
LTR	Copia	RND-4_FAMILY-8414	2333	179.46	105	326	76.79	0.05	0.01	0.12	0.04
LTR	Gypsy	RND-1_FAMILY-150	210328	1314.55	102	9758	1569.16	0.15	0.02	0.37	0.08
LTR	Gypsy	RND-1_FAMILY-164	44834	879.1	103	9285	1360.05	0.15	-0	0.34	0.08
LTR	Gypsy	RND-1_FAMILY-205	178625	1501.05	115	8120	1815.51	0.1	0.01	0.26	0.07
LTR	Gypsy	RND-1_FAMILY-221	23326	250.82	105	654	118.96	0.15	0.02	0.29	0.07
LTR	Gypsy	RND-1_FAMILY-243	157486	1418.79	101	7973	1745.96	0.1	0.01	0.33	0.09
LTR	Gypsy	RND-1_FAMILY-273	331204	435.79	101	10313	1327.76	0.2	0.01	0.41	0.06
LTR	Gypsy	RND-1_FAMILY-286	44021	435.85	104	1292	235.83	0.08	0.02	0.3	0.05
LTR	Gypsy	RND-1_FAMILY-287	78704	1543.22	105	8653	1588.79	0.11	0.01	0.32	0.07
LTR	Gypsy	RND-1_FAMILY-307	421434	2538.76	104	10818	3163.01	0.14	0.01	0.41	0.08
LTR	Gypsy	RND-1_FAMILY-316	177079	1883.82	102	9159	2550.74	0.13	0	0.37	0.1
LTR	Gypsy	RND-1_FAMILY-319	29926	356.26	102	3191	578.71	0.13	0	0.33	0.07
LTR	Gypsy	RND-1_FAMILY-335	115260	1889.51	101	18680	3518.89	0.12	0.01	0.35	0.09
LTR	Gypsy	RND-1_FAMILY-352	69357	1238.52	118	5716	1681.22	0.16	0	0.42	0.14
LTR	Gypsy	RND-1_FAMILY-364	86419	1080.24	112	4764	945.21	0.11	0.01	0.36	0.09
LTR	Gypsy	RND-1_FAMILY-365	315770	3036.25	127	9858	3621.07	0.11	-0	0.47	0.09
LTR	Gypsy	RND-1_FAMILY-367	191838	1332.21	105	6835	1355.77	0.1	-0	0.32	0.08
LTR	Gypsy	RND-1_FAMILY-395	1325023	3415.01	106	20874	3541.83	0.1	0.01	0.35	0.08
LTR	Gypsy	RND-1_FAMILY-399	217642	1926.04	101	9743	2069	0.12	0	0.34	0.1
LTR	Gypsy	RND-1_FAMILY-402	545444	2525.2	109	7805	2679.45	0.13	0	0.41	0.1
LTR	Gypsy	RND-1_FAMILY-417	221013	3623.16	104	11407	3232.08	0.07	-0	0.35	0.09
LTR	Gypsy	RND-1_FAMILY-423	471432	2244.91	104	10168	2306.9	0.08	0	0.39	0.07
LTR	Gypsy	RND-1_FAMILY-426	66992	1456.35	102	9463	1667.08	0.09	0.01	0.26	0.07
LTR	Gypsy	RND-1_FAMILY-427	246674	2284.02	101	16596	3276.06	0.1	0.01	0.39	0.1
LTR	Gypsy	RND-1_FAMILY-442	253556	1679.18	101	12405	1914.97	0.18	0.01	0.38	0.12
LTR	Gypsy	RND-1_FAMILY-447	152161	1323.14	110	10146	1623.62	0.09	0.01	0.39	0.09
LTR	Gypsy	RND-1_FAMILY-468	80253	1197.81	101	9654	1558.04	0.14	-0	0.29	0.09
LTR	Gypsy	RND-1_FAMILY-476	31898	817.9	149	1799	538.95	0.09	0.03	0.36	0.08
LTR	Gypsy	RND-1_FAMILY-477	121036	250.59	101	6385	468.69	0.14	-0	0.3	0.07
LTR	Gypsy	RND-1_FAMILY-74	79918	1192.81	106	7264	1263.63	0.12	0.01	0.33	0.1
LTR	Gypsy	RND-1_FAMILY-84	79502	288.05	101	3531	556.77	0.11	0.01	0.31	0.05
LTR	Gypsy	RND-3_FAMILY-155	73790	983.87	103	4794	924.66	0.12	0.01	0.3	0.09
LTR	Gypsy	RND-3_FAMILY-437	35652	1320.44	139	8724	1861.37	0.09	0.01	0.36	0.07
LTR	Gypsy	RND-3_FAMILY-771	120729	1509.11	103	7735	1949.83	0.11	0	0.28	0.09
LTR	Gypsy	RND-3_FAMILY-922	59914	1302.48	112	9941	2050.37	0.13	0.01	0.35	0.09
LTR	Gypsy	RND-4_FAMILY-1070	13913	386.47	115	1021	264.77	0.1	0.05	0.22	0.04
LTR	Gypsy	RND-4_FAMILY-1152	198520	1965.54	101	10166	2942.45	0.14	0.01	0.39	0.12
LTR	Gypsy	RND-4_FAMILY-1159	19086	1004.53	211	3334	792.93	0.08	0.01	0.34	0.09
LTR	Gypsy	RND-4_FAMILY-1274	195676	1716.46	102	8818	2033.77	0.13	0.01	0.34	0.09
LTR	Gypsy	RND-4_FAMILY-137	156959	1743.99	114	10435	2556.98	0.15	0.01	0.42	0.12
LTR	Gypsy	RND-4_FAMILY-1540	224628	1936.45	104	12248	2662.78	0.16	0	0.43	0.1
LTR	Gypsy	RND-4_FAMILY-1729	514242	2235.83	113	90126	7038.89	0.13	0	0.34	0.06
LTR	Gypsy	RND-4_FAMILY-1871	39082	620.35	102	2692	573.08	0.12	0.02	0.28	0.07
LTR	Gypsy	RND-4_FAMILY-194	169064	2167.49	118	12635	2391.16	0.11	0.01	0.31	0.09
LTR	Gypsy	RND-4_FAMILY-2031	18200	337.04	101	1543	270.76	0.14	0.02	0.29	0.07
LTR	Gypsy	RND-4_FAMILY-2033	69706	2323.53	154	9556	2344.4	0.1	0.01	0.43	0.14
LTR	Gypsy	RND-4_FAMILY-2134	44069	831.49	109	3188	952.27	0.09	0.01	0.34	0.07
LTR	Gypsy	RND-4_FAMILY-225	188978	623.69	101	7359	948.04	0.12	0.01	0.44	0.07
LTR	Gypsy	RND-4_FAMILY-2264	74730	488.43	103	6739	724.41	0.16	0.01	0.31	0.07
LTR	Gypsy	RND-4_FAMILY-2265	78462	1376.53	106	7963	2088	0.12	-0	0.3	0.09
LTR	Gypsy	RND-4_FAMILY-2422	55145	1081.27	101	5991	1730.22	0.19	0	0.39	0.13
LTR	Gypsy	RND-4_FAMILY-246	202815	2028.15	107	40962	4383.08	0.12	0.01	0.35	0.11
LTR	Gypsy	RND-4_FAMILY-2523	45504	758.4	134	2251	546.21	0.12	0.01	0.26	0.07
LTR	Gypsy	RND-4_FAMILY-2566	16253	361.18	106	1490	263.09	0.12	0.05	0.24	0.05
LTR	Gypsy	RND-4_FAMILY-2572	148476	1596.52	106	7718	1835.75	0.07	0.01	0.28	0.07
LTR	Gypsy	RND-4_FAMILY-347	60736	949	101	4174	1060.36	0.11	0.02	0.28	0.06
LTR	Gypsy	RND-4_FAMILY-3514	72069	1181.46	108	8770	1689.73	0.12	0.01	0.3	0.1
LTR	Gypsy	RND-4_FAMILY-3516	63299	2109.97	130	7414	2387.11	0.15	0.01	0.35	0.11
LTR	Gypsy	RND-4_FAMILY-39	382461	2034.37	104	11146	2611.85	0.14	0	0.46	0.1
LTR	Gypsy	RND-4_FAMILY-4105	108302	790.53	107	9033	1328.27	0.13	-0	0.37	0.07
LTR	Gypsy	RND-4_FAMILY-4150	115015	1277.94	106	5904	1530.58	0.09	-0	0.39	0.08
LTR	Gypsy	RND-4_FAMILY-4408	76027	1226.24	103	5866	1589.24	0.13	0.01	0.41	0.14
LTR	Gypsy	RND-4_FAMILY-4590	41617	1891.68	204	5921	1738.66	0.13	0	0.38	0.11
LTR	Gypsy	RND-4_FAMILY-481	49339	657.85	101	4302	816.99	0.17	0.01	0.35	0.11
LTR	Gypsy	RND-4_FAMILY-4870	40976	1321.81	104	5384	1412.68	0.1	0.01	0.35	0.09
LTR	Gypsy	RND-4_FAMILY-490	90724	1620.07	130	10035	2352.41	0.13	0.01	0.32	0.08
LTR	Gypsy	RND-4_FAMILY-494	113678	1536.19	151	9436	1949.85	0.08	0.01	0.28	0.06
LTR	Gypsy	RND-4_FAMILY-495	215398	2761.51	160	11569	3004.77	0.13	0.01	0.38	0.12
LTR	Gypsy	RND-4_FAMILY-579	67177	1370.96	109	4992	1642.94	0.14	0	0.4	0.12
LTR	Gypsy	RND-4_FAMILY-580	64358	2219.24	118	11945	2865.37	0.19	0.01	0.38	0.13
LTR	Gypsy	RND-4_FAMILY-6087	76377	1212.33	101	10406	1880.22	0.2	0.02	0.38	0.11
LTR	Gypsy	RND-4_FAMILY-610	12878	429.27	115	657	130.78	0.03	0.01	0.05	0.01
LTR	Gypsy	RND-4_FAMILY-611	11639	484.96	105	1802	417.04	0.1	0	0.28	0.09
LTR	Gypsy	RND-4_FAMILY-6244	39881	1595.24	129	8622	2261.22	0.11	0.01	0.26	0.09
LTR	Gypsy	RND-4_FAMILY-67	201376	1751.1	115	9291	2413.19	0.12	0	0.34	0.08
LTR	Gypsy	RND-4_FAMILY-7971	73493	1531.1	118	13708	2265.87	0.09	0.01	0.37	0.08
LTR	Gypsy	RND-4_FAMILY-836	203666	3085.85	101	14388	3220.4	0.06	0	0.33	0.09
LTR	Gypsy	RND-4_FAMILY-841	38257	1125.21	103	6994	1316.26	0.13	0.01	0.27	0.08
LTR	Gypsy	RND-4_FAMILY-900	92858	1289.69	101	4211	1081.03	0.07	0.01	0.33	0.07
LTR	Gypsy	RND-4_FAMILY-901	92581	1493.24	109	7168	1696.81	0.09	0	0.37	0.09
LTR	Pao	RND-1_FAMILY-107	44431	312.89	102	4616	678.76	0.17	0	0.34	0.06
LTR	Pao	RND-1_FAMILY-114	563807	2750.28	101	14113	2917.39	0.11	0.01	0.36	0.08
LTR	Pao	RND-1_FAMILY-123	53089	233.87	101	614	104.91	0.18	0.02	0.32	0.05
LTR	Pao	RND-1_FAMILY-142	99580	538.27	102	4576	699.75	0.09	0	0.43	0.07
LTR	Pao	RND-1_FAMILY-175	328452	389.16	101	6583	472.21	0.13	0	0.33	0.05
LTR	Pao	RND-1_FAMILY-192	70018	1014.75	102	14295	2131.26	0.14	0.01	0.36	0.09
LTR	Pao	RND-1_FAMILY-193	375141	1995.43	101	8525	2105.85	0.12	0.01	0.41	0.1
LTR	Pao	RND-1_FAMILY-213	26145	653.62	118	1405	396.15	0.1	0	0.3	0.08
LTR	Pao	RND-1_FAMILY-214	1005742	2388.94	103	11240	2365.39	0.08	-0	0.41	0.07
LTR	Pao	RND-1_FAMILY-275	884790	2101.64	102	11421	2437.49	0.13	0	0.48	0.11
LTR	Pao	RND-1_FAMILY-284	393194	1985.83	106	6711	2123.78	0.07	0	0.35	0.07
LTR	Pao	RND-1_FAMILY-296	27458	807.59	105	14750	2488.87	0.19	-0	0.43	0.08
LTR	Pao	RND-1_FAMILY-297	230730	1296.24	103	6283	1627.56	0.16	0.01	0.41	0.12
LTR	Pao	RND-1_FAMILY-317	17715	268.41	106	596	131.32	0.1	0.02	0.23	0.05
LTR	Pao	RND-1_FAMILY-332	462663	1414.87	101	5995	1529.76	0.11	0	0.33	0.07
LTR	Pao	RND-1_FAMILY-334	143582	1354.55	104	6407	1608.72	0.11	0.01	0.4	0.08
LTR	Pao	RND-1_FAMILY-342	17058	550.26	103	1999	660.66	0.06	0	0.34	0.09
LTR	Pao	RND-1_FAMILY-350	13370	607.73	104	5417	1098.58	0.2	0.09	0.33	0.08
LTR	Pao	RND-1_FAMILY-360	62394	445.67	101	12270	1340.18	0.18	0	0.29	0.06
LTR	Pao	RND-1_FAMILY-362	277730	1693.48	108	9206	1985.23	0.11	0.02	0.35	0.08
LTR	Pao	RND-1_FAMILY-369	78699	1249.19	108	8776	1473.63	0.1	0.02	0.28	0.07
LTR	Pao	RND-1_FAMILY-440	137601	760.23	102	7814	1128.42	0.14	0.02	0.35	0.07
LTR	Pao	RND-1_FAMILY-475	34406	441.1	103	3726	550.76	0.13	0	0.34	0.08
LTR	Pao	RND-1_FAMILY-480	36245	575.32	101	6888	847.55	0.09	0.01	0.26	0.07
LTR	Pao	RND-1_FAMILY-486	28366	218.2	103	1580	207.94	0.17	0.01	0.37	0.06
LTR	Pao	RND-1_FAMILY-88	559139	1689.24	101	7185	2110.72	0.13	0.01	0.41	0.07
LTR	Pao	RND-1_FAMILY-94	58241	350.85	101	1979	387.79	0.13	0.01	0.27	0.08
LTR	Pao	RND-1_FAMILY-97	31262	529.86	112	2445	437.26	0.08	0	0.25	0.07
LTR	Pao	RND-4_FAMILY-1164	198931	768.07	101	11778	1220.6	0.12	0.01	0.32	0.07
LTR	Pao	RND-4_FAMILY-1375	239761	2179.65	101	7632	2117.68	0.09	0	0.41	0.09
LTR	Pao	RND-4_FAMILY-1588	74998	688.06	101	3755	830.38	0.11	0.01	0.37	0.07
LTR	Pao	RND-4_FAMILY-2240	74593	1113.33	102	4279	1058.49	0.09	0.01	0.32	0.08
LTR	Pao	RND-4_FAMILY-2364	156250	924.56	101	6720	1244.29	0.1	0.01	0.34	0.07
LTR	Pao	RND-4_FAMILY-2571	344866	1724.33	105	6550	1863.91	0.09	0.01	0.39	0.08
LTR	Pao	RND-4_FAMILY-2801	9441	262.25	101	917	177.64	0.12	0.04	0.26	0.04
LTR	Pao	RND-4_FAMILY-338	42327	486.52	101	2147	511.45	0.12	0.03	0.3	0.07
LTR	Pao	RND-4_FAMILY-341	41388	962.51	115	3078	737.4	0.12	0.03	0.28	0.06
LTR	Pao	RND-4_FAMILY-3846	88701	1304.43	102	6814	1661.33	0.16	0	0.41	0.14
LTR	Pao	RND-4_FAMILY-4173	38595	1015.66	104	4013	1026.56	0.08	0.01	0.31	0.08
LTR	Pao	RND-4_FAMILY-4444	21385	855.4	104	2606	698.71	0.14	0.03	0.25	0.05
LTR	Pao	RND-4_FAMILY-515	327783	2643.41	112	8334	2467.4	0.11	0.01	0.39	0.11
LTR	Pao	RND-4_FAMILY-5372	106199	1249.4	101	10675	1996.36	0.16	0.01	0.38	0.11
LTR	Pao	RND-4_FAMILY-5660	51315	693.45	106	8211	1050.45	0.12	0.01	0.39	0.1
LTR	Pao	RND-4_FAMILY-996	131121	1524.66	107	9091	2118.26	0.15	0.01	0.38	0.12
LTR	Pao	RND-4_FAMILY-997	31596	1128.43	101	4300	1405.14	0.17	0.02	0.42	0.17
LTR	Pao	RND-4_FAMILY-998	23101	1215.84	207	8572	1841.67	0.1	0.04	0.4	0.1
Other	Low_complexity	A-RICH	2623	187.36	102	343	76.17	NA	NA	NA	NA
Other	Low_complexity	G-RICH	1395	155	108	238	51.47	NA	NA	NA	NA
Other	Low_complexity	GA-RICH	6875	152.78	101	535	74.47	NA	NA	NA	NA
Other	Satellite	RND-1_FAMILY-12	125524	2282.25	111	15621	2782.14	NA	NA	NA	NA
Other	Satellite	RND-1_FAMILY-174	55472	759.89	102	3864	776.92	NA	NA	NA	NA
Other	Satellite	RND-1_FAMILY-203	21514	1075.7	130	2614	834.28	NA	NA	NA	NA
Other	Satellite	RND-1_FAMILY-239	37938	566.24	105	2949	533.77	NA	NA	NA	NA
Other	Satellite	RND-1_FAMILY-371	220534	1413.68	107	8271	1705.08	NA	NA	NA	NA
Other	Satellite	RND-3_FAMILY-213	421	210.5	205	216	7.78	NA	NA	NA	NA
Other	Satellite	RND-3_FAMILY-509	1692	188	131	237	37.83	NA	NA	NA	NA
Other	Satellite	RND-4_FAMILY-105	842	140.33	107	187	26.1	NA	NA	NA	NA
Other	Satellite	RND-4_FAMILY-189	167345	2460.96	125	34639	5705.87	NA	NA	NA	NA
Other	Satellite	RND-4_FAMILY-6405	168896	3593.53	143	59891	9515.48	NA	NA	NA	NA
Other	Simple_repeat	(AACAAT)N	102	102	102	102	NA	NA	NA	NA	NA
Other	Simple_repeat	(AATTCTCTAA)N	288	288	288	288	NA	NA	NA	NA	NA
Other	Simple_repeat	(AC)N	248	124	103	145	29.7	NA	NA	NA	NA
Other	Simple_repeat	(ACA)N	244	122	115	129	9.9	NA	NA	NA	NA
Other	Simple_repeat	(ACAACA)N	290	145	137	153	11.31	NA	NA	NA	NA
Other	Simple_repeat	(ACAAGG)N	121	121	121	121	NA	NA	NA	NA	NA
Other	Simple_repeat	(ACAGAG)N	242	121	117	125	5.66	NA	NA	NA	NA
Other	Simple_repeat	(ACCAACA)N	126	126	126	126	NA	NA	NA	NA	NA
Other	Simple_repeat	(AG)N	384	128	107	157	25.94	NA	NA	NA	NA
Other	Simple_repeat	(AGACAG)N	126	126	126	126	NA	NA	NA	NA	NA
Other	Simple_repeat	(AGAGAG)N	107	107	107	107	NA	NA	NA	NA	NA
Other	Simple_repeat	(AGAT)N	126	126	126	126	NA	NA	NA	NA	NA
Other	Simple_repeat	(AGC)N	785	157	136	172	15.26	NA	NA	NA	NA
Other	Simple_repeat	(AGCCAG)N	147	147	147	147	NA	NA	NA	NA	NA
Other	Simple_repeat	(AGGACT)N	140	140	140	140	NA	NA	NA	NA	NA
Other	Simple_repeat	(AGGAGGC)N	106	106	106	106	NA	NA	NA	NA	NA
Other	Simple_repeat	(AGTATTTTC)N	224	224	224	224	NA	NA	NA	NA	NA
Other	Simple_repeat	(ATAG)N	287	287	287	287	NA	NA	NA	NA	NA
Other	Simple_repeat	(ATCA)N	105	105	105	105	NA	NA	NA	NA	NA
Other	Simple_repeat	(ATCAATAC)N	505	505	505	505	NA	NA	NA	NA	NA
Other	Simple_repeat	(ATCC)N	218	109	109	109	0	NA	NA	NA	NA
Other	Simple_repeat	(ATCT)N	400	200	118	282	115.97	NA	NA	NA	NA
Other	Simple_repeat	(ATGTAG)N	104	104	104	104	NA	NA	NA	NA	NA
Other	Simple_repeat	(ATTT)N	102	102	102	102	NA	NA	NA	NA	NA
Other	Simple_repeat	(ATTTAT)N	106	106	106	106	NA	NA	NA	NA	NA
Other	Simple_repeat	(CA)N	1238	154.75	105	231	38.48	NA	NA	NA	NA
Other	Simple_repeat	(CAA)N	590	295	123	467	243.24	NA	NA	NA	NA
Other	Simple_repeat	(CAACAG)N	194	194	194	194	NA	NA	NA	NA	NA
Other	Simple_repeat	(CAAGGA)N	125	125	125	125	NA	NA	NA	NA	NA
Other	Simple_repeat	(CAG)N	501	250.5	235	266	21.92	NA	NA	NA	NA
Other	Simple_repeat	(CAGAGG)N	141	141	141	141	NA	NA	NA	NA	NA
Other	Simple_repeat	(CATTCC)N	127	127	127	127	NA	NA	NA	NA	NA
Other	Simple_repeat	(CCAGCC)N	123	123	123	123	NA	NA	NA	NA	NA
Other	Simple_repeat	(CCCGTT)N	111	111	111	111	NA	NA	NA	NA	NA
Other	Simple_repeat	(CCGTCG)N	140	140	140	140	NA	NA	NA	NA	NA
Other	Simple_repeat	(CCT)N	101	101	101	101	NA	NA	NA	NA	NA
Other	Simple_repeat	(CT)N	1715	142.92	104	254	48.05	NA	NA	NA	NA
Other	Simple_repeat	(CTACAT)N	104	104	104	104	NA	NA	NA	NA	NA
Other	Simple_repeat	(CTAT)N	126	126	126	126	NA	NA	NA	NA	NA
Other	Simple_repeat	(CTC)N	256	256	256	256	NA	NA	NA	NA	NA
Other	Simple_repeat	(CTCCT)N	451	225.5	164	287	86.97	NA	NA	NA	NA
Other	Simple_repeat	(CTCCTA)N	102	102	102	102	NA	NA	NA	NA	NA
Other	Simple_repeat	(CTCT)N	110	110	110	110	NA	NA	NA	NA	NA
Other	Simple_repeat	(CTCTCT)N	120	120	120	120	NA	NA	NA	NA	NA
Other	Simple_repeat	(CTCTGG)N	119	119	119	119	NA	NA	NA	NA	NA
Other	Simple_repeat	(CTCTTC)N	125	125	125	125	NA	NA	NA	NA	NA
Other	Simple_repeat	(CTG)N	117	117	117	117	NA	NA	NA	NA	NA
Other	Simple_repeat	(CTGCCTG)N	113	113	113	113	NA	NA	NA	NA	NA
Other	Simple_repeat	(CTT)N	120	120	120	120	NA	NA	NA	NA	NA
Other	Simple_repeat	(CTTC)N	166	166	166	166	NA	NA	NA	NA	NA
Other	Simple_repeat	(GA)N	105	105	105	105	NA	NA	NA	NA	NA
Other	Simple_repeat	(GAAGCT)N	121	121	121	121	NA	NA	NA	NA	NA
Other	Simple_repeat	(GAGACA)N	213	106.5	106	107	0.71	NA	NA	NA	NA
Other	Simple_repeat	(GAGAGC)N	115	115	115	115	NA	NA	NA	NA	NA
Other	Simple_repeat	(GAGCG)N	123	123	123	123	NA	NA	NA	NA	NA
Other	Simple_repeat	(GATA)N	643	321.5	259	384	88.39	NA	NA	NA	NA
Other	Simple_repeat	(GCA)N	698	139.6	102	190	33.29	NA	NA	NA	NA
Other	Simple_repeat	(GCAAGAG)N	110	110	110	110	NA	NA	NA	NA	NA
Other	Simple_repeat	(GCT)N	128	128	128	128	NA	NA	NA	NA	NA
Other	Simple_repeat	(GCTCC)N	118	118	118	118	NA	NA	NA	NA	NA
Other	Simple_repeat	(GCTCTCT)N	124	124	124	124	NA	NA	NA	NA	NA
Other	Simple_repeat	(GCTGTG)N	187	187	187	187	NA	NA	NA	NA	NA
Other	Simple_repeat	(GGCAGT)N	142	142	142	142	NA	NA	NA	NA	NA
Other	Simple_repeat	(GGCTCT)N	130	130	130	130	NA	NA	NA	NA	NA
Other	Simple_repeat	(GGCTGT)N	110	110	110	110	NA	NA	NA	NA	NA
Other	Simple_repeat	(GT)N	783	156.6	104	230	55.77	NA	NA	NA	NA
Other	Simple_repeat	(GTT)N	590	295	121	469	246.07	NA	NA	NA	NA
Other	Simple_repeat	(GTTATT)N	101	101	101	101	NA	NA	NA	NA	NA
Other	Simple_repeat	(GTTTTT)N	104	104	104	104	NA	NA	NA	NA	NA
Other	Simple_repeat	(TA)N	364	182	164	200	25.46	NA	NA	NA	NA
Other	Simple_repeat	(TACATC)N	198	198	198	198	NA	NA	NA	NA	NA
Other	Simple_repeat	(TAGAGAATTT)N	218	218	218	218	NA	NA	NA	NA	NA
Other	Simple_repeat	(TATACA)N	112	112	112	112	NA	NA	NA	NA	NA
Other	Simple_repeat	(TC)N	1655	165.5	120	252	48.22	NA	NA	NA	NA
Other	Simple_repeat	(TCC)N	111	111	111	111	NA	NA	NA	NA	NA
Other	Simple_repeat	(TCCTAG)N	109	109	109	109	NA	NA	NA	NA	NA
Other	Simple_repeat	(TCCTGC)N	138	138	138	138	NA	NA	NA	NA	NA
Other	Simple_repeat	(TCTA)N	646	323	262	384	86.27	NA	NA	NA	NA
Other	Simple_repeat	(TCTC)N	245	122.5	111	134	16.26	NA	NA	NA	NA
Other	Simple_repeat	(TCTCC)N	185	185	185	185	NA	NA	NA	NA	NA
Other	Simple_repeat	(TCTCCC)N	150	150	150	150	NA	NA	NA	NA	NA
Other	Simple_repeat	(TCTCTG)N	319	159.5	158	161	2.12	NA	NA	NA	NA
Other	Simple_repeat	(TCTTC)N	170	170	170	170	NA	NA	NA	NA	NA
Other	Simple_repeat	(TCTTGC)N	105	105	105	105	NA	NA	NA	NA	NA
Other	Simple_repeat	(TG)N	1386	138.6	103	199	32.5	NA	NA	NA	NA
Other	Simple_repeat	(TGC)N	313	156.5	123	190	47.38	NA	NA	NA	NA
Other	Simple_repeat	(TGCCTCC)N	106	106	106	106	NA	NA	NA	NA	NA
Other	Simple_repeat	(TGCTGC)N	107	107	107	107	NA	NA	NA	NA	NA
Other	Simple_repeat	(TGCTGT)N	194	194	194	194	NA	NA	NA	NA	NA
Other	Simple_repeat	(TGT)N	334	111.33	105	122	9.29	NA	NA	NA	NA
Other	Simple_repeat	(TGTCTG)N	129	129	129	129	NA	NA	NA	NA	NA
Other	Simple_repeat	(TGTTT)N	102	102	102	102	NA	NA	NA	NA	NA
Other	Simple_repeat	(TT)N	136	136	136	136	NA	NA	NA	NA	NA
Other	Simple_repeat	(TTG)N	346	115.33	101	129	14.01	NA	NA	NA	NA
Other	Simple_repeat	(TTGTTA)N	223	111.5	108	115	4.95	NA	NA	NA	NA
Other	Simple_repeat	(TTTC)N	102	102	102	102	NA	NA	NA	NA	NA
Other	Unspecified	FBTE0000001	2823	470.5	176	1110	340.78	0.3	0.27	0.36	0.03
Other	Unspecified	FBTE0000003	2654	294.89	103	926	263.46	0.3	0.16	0.39	0.08
Other	Unspecified	FBTE0000005	13774	491.93	119	2086	471.47	0.31	0.24	0.4	0.03
Other	Unspecified	FBTE0000007	144223	1360.59	112	5530	1636.43	0.23	0.11	0.36	0.04
Other	Unspecified	FBTE0000010	2146	268.25	116	683	191.71	0.34	0.28	0.41	0.05
Other	Unspecified	FBTE0000015	3227	230.5	101	399	100.24	0.25	0.15	0.37	0.06
Other	Unspecified	FBTE0000017	2169	433.8	114	933	320.47	0.17	0.13	0.18	0.02
Other	Unspecified	FBTE0000021	14174	1771.75	141	4140	1338.37	0.33	0.32	0.34	0.01
Other	Unspecified	FBTE0000023	36548	987.78	107	4214	1208.92	0.26	0.19	0.36	0.04
Other	Unspecified	FBTE0000026	6563	504.85	104	1285	419.1	0.27	0.21	0.33	0.04
Other	Unspecified	FBTE0000028	5358	267.9	104	554	141.27	0.19	0.08	0.35	0.09
Other	Unspecified	FBTE0000030	9650	1930	145	3540	1542.59	0.26	0.22	0.28	0.02
Other	Unspecified	FBTE0000032	17097	438.38	130	958	244.35	0.31	0.21	0.41	0.05
Other	Unspecified	FBTE0000037	6083	304.15	124	791	151.77	0.27	0.19	0.42	0.06
Other	Unspecified	FBTE0000039	2758683	1941.37	101	9007	1717.49	0.23	0.08	0.45	0.03
Other	Unspecified	FBTE0000042	7566	840.67	104	2693	783.12	0.32	0.3	0.37	0.03
Other	Unspecified	FBTE0000044	56718	929.8	102	1950	579.07	0.23	0.16	0.38	0.05
Other	Unspecified	FBTE0000088	3685	230.31	103	522	139.75	0.3	0.24	0.37	0.04
Other	Unspecified	FBTE0000100	28931	214.3	101	2960	318.76	0.23	0.13	0.38	0.05
Other	Unspecified	FBTE0000103	1833	203.67	117	344	86.58	0.28	0.15	0.41	0.07
Other	Unspecified	FBTE0000104	3734	339.45	134	1059	263.34	0.3	0.26	0.36	0.03
Other	Unspecified	FBTE0000112	1561	520.33	370	809	250.06	0.26	0.26	0.28	0.01
Other	Unspecified	FBTE0000118	36303	1210.1	132	4595	1387.6	0.27	0.19	0.37	0.04
Other	Unspecified	FBTE0000124	246	123	111	135	16.97	0.24	0.24	0.24	0.01
Other	Unspecified	FBTE0000133	26728	494.96	103	1932	371.06	0.29	0.2	0.38	0.04
Other	Unspecified	FBTE0000136	4004	148.3	105	209	34.2	0.22	0.16	0.29	0.03
Other	Unspecified	FBTE0000139	156	156	156	156	NA	0.33	0.33	0.33	NA
Other	Unspecified	FBTE0000140	13788	919.2	122	3030	1011.96	0.3	0.22	0.35	0.04
Other	Unspecified	FBTE0000148	917	229.25	163	403	116.43	0.32	0.26	0.35	0.04
Other	Unspecified	FBTE0000151	7268	382.53	148	1503	327.68	0.22	0.17	0.3	0.04
Other	Unspecified	FBTE0000154	20960	582.22	104	1946	500.49	0.29	0.22	0.4	0.04
Other	Unspecified	FBTE0000158	792	132	106	200	37.37	0.24	0.18	0.27	0.03
Other	Unspecified	FBTE0000168	1657	828.5	294	1363	755.9	0.32	0.31	0.34	0.02
Other	Unspecified	FBTE0000170	665	221.67	143	351	112.88	0.31	0.27	0.34	0.04
Other	Unspecified	FBTE0000171	1065	355	122	472	201.78	0.33	0.32	0.33	0
Other	Unspecified	FBTE0000174	3389	282.42	226	466	63.6	0.31	0.23	0.35	0.03
Other	Unspecified	FBTE0000176	70783	528.23	104	2573	458.67	0.25	0.17	0.4	0.04
Other	Unspecified	FBTE0000179	137	137	137	137	NA	0.32	0.32	0.32	NA
Other	Unspecified	FBTE0000188	6071	404.73	231	986	205.46	0.21	0.17	0.31	0.05
Other	Unspecified	FBTE0000190	134612	690.32	103	1638	462.7	0.24	0.15	0.39	0.04
Other	Unspecified	FBTE0000217	592	296	121	471	247.49	0.29	0.25	0.32	0.05
Other	Unspecified	FBTE0000242	14673	431.56	106	1542	351.94	0.29	0.22	0.37	0.04
Other	Unspecified	FBTE0000266	10911	389.68	141	1258	287.05	0.31	0.23	0.39	0.04
Other	Unspecified	FBTE0000267	22602	538.14	117	1648	423.1	0.31	0.23	0.39	0.04
Other	Unspecified	FBTE0000279	3872	258.13	118	516	146.55	0.23	0.13	0.28	0.04
Other	Unspecified	FBTE0000284	710	142	105	225	47.51	0.27	0.2	0.32	0.05
Other	Unspecified	FBTE0000290	4277	329	171	701	138.2	0.27	0.23	0.36	0.04
Other	Unspecified	FBTE0000292	757	189.25	108	235	60.26	0.33	0.31	0.34	0.01
Other	Unspecified	FBTE0000304	18753	1442.54	137	2815	1127.33	0.33	0.23	0.39	0.04
Other	Unspecified	FBTE0000308	1118	372.67	198	538	170.19	0.34	0.31	0.35	0.02
Other	Unspecified	FBTE0000312	1202	120.2	102	154	20	0.21	0.14	0.25	0.04
Other	Unspecified	FBTE0000314	2373	263.67	106	472	127.17	0.33	0.25	0.39	0.05
Other	Unspecified	FBTE0000322	7293	405.17	115	2318	579.82	0.32	0.24	0.49	0.07
Other	Unspecified	FBTE0000323	2459	245.9	158	355	70.92	0.27	0.22	0.34	0.04
Other	Unspecified	FBTE0000332	210	105	105	105	0	0.21	0.19	0.22	0.02
Other	Unspecified	FBTE0000333	1378	344.5	130	726	272.74	0.34	0.33	0.35	0.01
Other	Unspecified	FBTE0000339	49969	574.36	105	2709	587.07	0.21	0.08	0.34	0.09
Other	Unspecified	FBTE0000341	7065	392.5	112	1411	421.42	0.31	0.24	0.37	0.03
Other	Unspecified	FBTE0000351	527	263.5	157	370	150.61	0.31	0.3	0.31	0
Other	Unspecified	FBTE0000353	2665	126.9	101	146	15.35	0.21	0.16	0.27	0.03
Other	Unspecified	FBTE0000357	26304	907.03	143	2108	453.9	0.29	0.25	0.39	0.04
Other	Unspecified	FBTE0000359	14583	729.15	106	2069	607.96	0.3	0.21	0.39	0.05
Other	Unspecified	FBTE0000414	2911	1455.5	1302	1609	217.08	0.29	0.28	0.29	0.01
Other	Unspecified	FBTE0000415	724	144.8	121	224	44.35	0.28	0.26	0.32	0.02
Other	Unspecified	FBTE0000457	513	256.5	228	285	40.31	0.35	0.35	0.35	0
Other	Unspecified	FBTE0000464	6468	380.47	102	1495	397.99	0.25	0.19	0.36	0.04
Other	Unspecified	FBTE0000472	8398	399.9	106	2824	594.31	0.24	0.12	0.34	0.05
Other	Unspecified	FBTE0000536	8380	523.75	154	1229	298.92	0.32	0.2	0.41	0.05
Other	Unspecified	FBTE0000538	293	146.5	109	184	53.03	0.24	0.24	0.25	0.01
Other	Unspecified	FBTE0000559	15709	628.36	102	1857	592.28	0.23	0.18	0.3	0.04
Other	Unspecified	FBTE0000587	1789	596.33	141	1415	710.48	0.3	0.28	0.31	0.02
Other	Unspecified	FBTE0000588	946	189.2	121	281	57.66	0.32	0.22	0.36	0.05
Other	Unspecified	FBTE0000591	14843	1855.38	141	3328	1476.24	0.32	0.26	0.39	0.04
Other	Unspecified	FBTE0000599	21402	396.33	101	1646	346.31	0.26	0.15	0.38	0.04
Other	Unspecified	FBTE0000603	385	128.33	112	148	18.23	0.33	0.25	0.42	0.09
Other	Unspecified	FBTE0000608	11594	445.92	116	1855	354.67	0.31	0.18	0.39	0.05
Other	Unspecified	FBTE0000616	18391	799.61	154	1805	565.83	0.34	0.22	0.4	0.04
Other	Unspecified	FBTE0000619	63812	1636.21	105	4831	1550.42	0.27	0.15	0.36	0.04
Other	Unspecified	FBTE0000626	17074	569.13	104	2126	566.69	0.27	0.2	0.36	0.03
Other	Unspecified	FBTE0000636	3467	315.18	128	737	204.95	0.29	0.21	0.34	0.03
Other	Unspecified	FBTE0000640	5982	314.84	138	1086	226.3	0.29	0.23	0.35	0.04
Other	Unspecified	FBTE0000647	3664	192.84	114	329	65.65	0.19	0.16	0.26	0.03
Other	Unspecified	FBTE0000657	3396	308.73	115	506	127.89	0.32	0.26	0.37	0.03
Other	Unspecified	FBTE0000660	2654	221.17	109	405	88.36	0.34	0.27	0.39	0.04
Other	Unspecified	FBTE0000662	12919	126.66	101	308	43.11	0.21	0.07	0.35	0.06
Other	Unspecified	FBTE0000666	45419	540.7	101	2624	518.25	0.3	0.18	0.43	0.05
Other	Unspecified	FBTE0000670	3548	443.5	172	986	298.56	0.29	0.27	0.31	0.01
Other	Unspecified	FBTE0000683	243397	184.95	101	815	102.26	0.2	0.05	0.38	0.05
Other	Unspecified	FBTE0000688	8566	475.89	108	1785	487.82	0.32	0.25	0.39	0.04
Other	Unspecified	FBTE0000692	2101	420.2	127	1160	452.9	0.29	0.24	0.33	0.04
Other	Unspecified	FBTE0000709	6175	475	101	1532	494.95	0.29	0.22	0.37	0.04
Other	Unspecified	FBTE0000720	32017	1280.68	224	3183	1020.92	0.27	0.2	0.36	0.04
Other	Unspecified	FBTE0000725	39290	545.69	101	2553	642.24	0.3	0.17	0.39	0.04
Other	Unspecified	FBTE0000726	7523	417.94	136	1052	240.03	0.28	0.04	0.34	0.09
Other	Unspecified	FBTE0000739	7420	1484	119	4365	1851.27	0.3	0.25	0.35	0.03
Other	Unspecified	FBTE0000764	3345	334.5	140	633	127.53	0.33	0.22	0.4	0.05
Other	Unspecified	FBTE0000765	118	118	118	118	NA	0.23	0.23	0.23	NA
Other	Unspecified	FBTE0000773	337	337	337	337	NA	0.29	0.29	0.29	NA
Other	Unspecified	FBTE0000780	39219	1089.42	102	3204	1009.35	0.3	0.23	0.35	0.04
Other	Unspecified	FBTE0000791	2134	177.83	125	185	17.02	0.36	0.28	0.41	0.04
Other	Unspecified	FBTE0000793	243	121.5	108	135	19.09	0.21	0.18	0.24	0.04
Other	Unspecified	FBTE0000800	2027	506.75	167	819	359.61	0.32	0.3	0.34	0.02
Other	Unspecified	FBTE0000823	22869	297	102	724	141.98	0.2	0.12	0.33	0.04
Other	Unspecified	FBTE0000885	72823	774.71	109	2909	753.59	0.27	0.09	0.38	0.07
Other	Unspecified	FBTE0000886	275	137.5	113	162	34.65	0.28	0.21	0.34	0.09
Other	Unspecified	FBTE0000890	1009	112.11	101	117	4.81	0.17	0.13	0.25	0.03
Other	Unspecified	FBTE0000906	1314	131.4	101	215	32.21	0.27	0.22	0.33	0.03
Other	Unspecified	FBTE0000926	245	245	245	245	NA	0.28	0.28	0.28	NA
Other	Unspecified	FBTE0000927	7957	294.7	112	605	157.96	0.3	0.21	0.38	0.05
Other	Unspecified	FBTE0000930	13751	443.58	128	765	173.93	0.3	0.18	0.44	0.05
Other	Unspecified	FBTE0000935	2599	199.92	105	549	162.97	0.18	0.14	0.32	0.06
Other	Unspecified	FBTE0000942	308	154	113	195	57.98	0.25	0.25	0.26	0.01
Other	Unspecified	FBTE0000948	57335	939.92	104	4605	1218.62	0.23	0.1	0.32	0.05
Other	Unspecified	FBTE0000956	224	112	107	117	7.07	0.21	0.18	0.24	0.04
Other	Unspecified	FBTE0000974	30563	509.38	103	3187	550.4	0.23	0.14	0.42	0.06
Other	Unspecified	FBTE0000982	390	130	130	130	0	0.36	0.36	0.36	0
Other	Unspecified	FBTE0000984	3270	817.5	265	1403	464.98	0.27	0.25	0.31	0.03
Other	Unspecified	FBTE0001002	7145	324.77	104	743	178.91	0.31	0.25	0.38	0.04
Other	Unspecified	FBTE0001005	6558	655.8	177	1726	629.33	0.27	0.22	0.32	0.03
Other	Unspecified	FBTE0001030	622	311	210	412	142.84	0.34	0.3	0.38	0.06
Other	Unspecified	FBTE0001033	165	165	165	165	NA	0.4	0.4	0.4	NA
Other	Unspecified	FBTE0001036	2263	161.64	103	274	60.47	0.28	0.16	0.38	0.07
Other	Unspecified	FBTE0001039	537	179	145	207	31.43	0.35	0.34	0.37	0.02
Other	Unspecified	FBTE0001040	3583	447.88	165	1459	444.49	0.28	0.22	0.35	0.05
Other	Unspecified	FBTE0001041	1524	254	155	418	106.13	0.24	0.15	0.3	0.06
Other	Unspecified	FBTE0001062	28353	1350.14	107	5947	1455.47	0.31	0.22	0.37	0.04
Other	Unspecified	FBTE0001066	1942	323.67	121	842	268.82	0.19	0.16	0.26	0.04
Other	Unspecified	FBTE0001071	4510	300.67	133	453	90.57	0.21	0.17	0.25	0.03
Other	Unspecified	FBTE0001076	17300	227.63	101	3114	364.59	0.25	0.09	0.42	0.06
Other	Unspecified	FBTE0001080	110	110	110	110	NA	0.26	0.26	0.26	NA
Other	Unspecified	FBTE0001084	1584	264	147	600	166.5	0.31	0.21	0.38	0.06
Other	Unspecified	FBTE0001092	3876	298.15	103	461	130.4	0.32	0.18	0.44	0.07
Other	Unspecified	FBTE0001128	1073	214.6	128	364	89.51	0.28	0.24	0.3	0.02
Other	Unspecified	FBTE0001136	10552	555.37	117	3156	734.7	0.31	0.25	0.36	0.04
Other	Unspecified	FBTE0001140	4528	301.87	112	635	184.63	0.3	0.2	0.37	0.05
Other	Unspecified	FBTE0001144	682	136.4	101	185	32.06	0.18	0.16	0.24	0.04
Other	Unspecified	FBTE0001160	1596	266	110	466	160.1	0.31	0.27	0.37	0.04
Other	Unspecified	FBTE0001166	217	217	217	217	NA	0.19	0.19	0.19	NA
Other	Unspecified	FBTE0001171	62518	961.82	107	3687	822.21	0.27	0.16	0.33	0.02
Other	Unspecified	FBTE0001174	7174	239.13	103	494	96.07	0.27	0.2	0.34	0.03
Other	Unspecified	FBTE0001175	2756	344.5	101	670	214.71	0.34	0.22	0.43	0.07
Other	Unspecified	FBTE0001178	4624	578	131	1341	445.91	0.32	0.25	0.36	0.04
Other	Unspecified	FBTE0001189	973	121.62	114	125	3.62	0.18	0.14	0.21	0.02
Other	Unspecified	FBTE0001206	5721	408.64	105	870	253.01	0.25	0.2	0.32	0.03
Other	Unspecified	FBTE0001207	345	115	107	119	6.93	0.23	0.2	0.28	0.05
Other	Unspecified	FBTE0001316	17606	503.03	121	1878	471.93	0.3	0.17	0.44	0.06
Other	Unspecified	FBTE0001399	3531	353.1	106	730	198.27	0.32	0.28	0.39	0.04
Other	Unspecified	FBTE0001481	3900	144.44	101	565	89.81	0.16	0.08	0.35	0.07
Other	Unspecified	FBTE0001482	6721	517	123	1120	316.88	0.26	0.22	0.3	0.02
Other	Unspecified	FBTE0001485	16512	660.48	130	2056	568.43	0.18	0.01	0.36	0.15
Other	Unspecified	FBTE0001486	16656	724.17	125	2892	866.14	0.28	0.2	0.36	0.05
Other	Unspecified	FBTE0001487	79646	268.17	101	2537	282.82	0.21	0.09	0.37	0.05
Other	Unspecified	FBTE000XXXX	864	288	105	421	163.83	0.29	0.18	0.37	0.1
RC	Helitron	RND-1_FAMILY-108	383326	450.97	103	2558	305.97	0.09	-0	0.36	0.06
RC	Helitron	RND-1_FAMILY-141	117495	584.55	101	989	281.54	0.06	0.02	0.27	0.04
RC	Helitron	RND-1_FAMILY-19	177421	391.66	101	20095	1090.8	0.13	-0	0.38	0.07
RC	Helitron	RND-1_FAMILY-258	150219	1001.46	105	10827	1392.92	0.15	-0	0.41	0.15
RC	Helitron	RND-1_FAMILY-264	723909	613.48	101	7069	499.13	0.1	-0	0.37	0.07
RC	Helitron	RND-1_FAMILY-274	173794	347.59	101	1787	243.91	0.13	0.01	0.32	0.07
RC	Helitron	RND-1_FAMILY-324	34387	309.79	102	1551	295.55	0.21	-0	0.36	0.11
RC	Helitron	RND-1_FAMILY-355	16310	276.44	104	1078	207.7	0.13	0.01	0.32	0.09
RC	Helitron	RND-1_FAMILY-415	23047	324.61	103	1530	324.54	0.15	-0	0.42	0.14
RC	Helitron	RND-1_FAMILY-42	724190	2155.33	101	18090	2962.95	0.1	0.01	0.33	0.07
RC	Helitron	RND-1_FAMILY-479	86141	706.07	104	5707	992.98	0.19	-0	0.4	0.13
RC	Helitron	RND-1_FAMILY-48	293073	241.61	101	1489	215.65	0.2	0.01	0.36	0.08
RC	Helitron	RND-1_FAMILY-83	432878	708.47	102	2397	430.33	0.08	0	0.44	0.06
RC	Helitron	RND-1_FAMILY-91	34377	414.18	101	1442	386.52	0.19	0.01	0.39	0.12
RC	Helitron	RND-1_FAMILY-98	2036904	762.6	101	3695	450.63	0.08	-0	0.35	0.05
RC	Helitron	RND-4_FAMILY-10769	28073	1002.61	111	2652	1081.59	0.11	-0	0.33	0.1
RC	Helitron	RND-4_FAMILY-135	292131	346.54	101	1266	238.54	0.14	-0	0.36	0.06
RC	Helitron	RND-4_FAMILY-1359	8839	368.29	114	1117	310.42	0.18	0.09	0.32	0.07
RC	Helitron	RND-4_FAMILY-2516	63074	643.61	102	2302	597.56	0.18	0.01	0.39	0.1
RC	Helitron	RND-4_FAMILY-274	58737	645.46	101	2031	576.12	0.2	-0	0.4	0.15
RC	Helitron	RND-4_FAMILY-3656	17847	205.14	101	428	94.75	0.2	0.01	0.42	0.11
SINE	U	RND-3_FAMILY-641	22860	586.15	105	2802	758.77	0.19	0.01	0.35	0.1
SINE	U	RND-3_FAMILY-642	20707	1150.39	182	2527	753.87	0.15	0.03	0.35	0.08
Unknown	Unknown	RND-1_FAMILY-104	45894	190.43	101	492	87.44	0.14	0.04	0.3	0.05
Unknown	Unknown	RND-1_FAMILY-109	40706	395.2	105	1553	358.3	0.09	-0	0.25	0.05
Unknown	Unknown	RND-1_FAMILY-110	25919	185.14	104	391	33.13	0.05	-0	0.22	0.06
Unknown	Unknown	RND-1_FAMILY-112	138	138	138	138	NA	0.06	0.06	0.06	NA
Unknown	Unknown	RND-1_FAMILY-117	161688	842.12	102	3702	745.09	0.08	-0	0.27	0.07
Unknown	Unknown	RND-1_FAMILY-126	21003	269.27	113	638	111.15	0.07	-0	0.25	0.06
Unknown	Unknown	RND-1_FAMILY-13	31408	581.63	105	2556	569.56	0.15	0	0.28	0.08
Unknown	Unknown	RND-1_FAMILY-14	238651	329.17	101	5800	358.5	0.19	0.02	0.37	0.08
Unknown	Unknown	RND-1_FAMILY-145	50902	186.45	103	315	39.83	0.11	0.02	0.24	0.05
Unknown	Unknown	RND-1_FAMILY-157	28584	461.03	101	878	265.23	0.03	0	0.11	0.02
Unknown	Unknown	RND-1_FAMILY-160	28241	288.17	101	819	183.58	0.14	0.03	0.31	0.07
Unknown	Unknown	RND-1_FAMILY-167	15063	173.14	101	366	41.26	0.1	0.01	0.19	0.03
Unknown	Unknown	RND-1_FAMILY-178	29183	226.22	102	548	102.43	0.11	0.03	0.27	0.04
Unknown	Unknown	RND-1_FAMILY-179	7361	2453.67	247	6829	3789.2	0.17	0.02	0.3	0.14
Unknown	Unknown	RND-1_FAMILY-184	63540	255.18	102	718	131.3	0.15	0.07	0.3	0.05
Unknown	Unknown	RND-1_FAMILY-196	101335	633.34	102	3323	539.06	0.11	0.01	0.3	0.07
Unknown	Unknown	RND-1_FAMILY-197	149865	443.39	102	1516	279.2	0.11	0.02	0.37	0.07
Unknown	Unknown	RND-1_FAMILY-199	55033	495.79	101	1688	473.51	0.15	0	0.37	0.1
Unknown	Unknown	RND-1_FAMILY-204	838	209.5	147	390	120.36	0.2	0.1	0.26	0.07
Unknown	Unknown	RND-1_FAMILY-207	96037	296.41	101	927	135.34	0.12	0.04	0.25	0.04
Unknown	Unknown	RND-1_FAMILY-220	8162	2720.67	1133	5165	2148.18	0.02	0.01	0.02	0
Unknown	Unknown	RND-1_FAMILY-225	6079	6079	6079	6079	NA	0.05	0.05	0.05	NA
Unknown	Unknown	RND-1_FAMILY-231	39592	3599.27	380	8048	2483.62	0.02	0.01	0.04	0.01
Unknown	Unknown	RND-1_FAMILY-24	77666	322.27	102	4351	569.27	0.18	0	0.43	0.07
Unknown	Unknown	RND-1_FAMILY-244	28189	339.63	103	902	189.93	0.08	0.03	0.23	0.04
Unknown	Unknown	RND-1_FAMILY-248	58116	605.38	105	1354	353.89	0.09	0.02	0.28	0.06
Unknown	Unknown	RND-1_FAMILY-256	1986	152.77	106	241	36.96	0.17	0.1	0.23	0.05
Unknown	Unknown	RND-1_FAMILY-26	104174	390.16	101	8889	885.4	0.17	0.01	0.34	0.05
Unknown	Unknown	RND-1_FAMILY-268	19595	559.86	118	1402	393.89	0.06	-0	0.24	0.06
Unknown	Unknown	RND-1_FAMILY-270	18991	306.31	101	1085	236.82	0.12	0.03	0.24	0.06
Unknown	Unknown	RND-1_FAMILY-272	60160	429.71	103	964	258.19	0.08	0.01	0.28	0.04
Unknown	Unknown	RND-1_FAMILY-277	104	104	104	104	NA	0.14	0.14	0.14	NA
Unknown	Unknown	RND-1_FAMILY-279	22981	820.75	114	2241	655.32	0.09	0	0.29	0.09
Unknown	Unknown	RND-1_FAMILY-288	72183	372.08	101	1835	371.88	0.06	0.01	0.28	0.04
Unknown	Unknown	RND-1_FAMILY-29	81500	546.98	103	2575	380.68	0.1	0.02	0.31	0.07
Unknown	Unknown	RND-1_FAMILY-295	129647	433.6	101	5541	501.63	0.13	0	0.35	0.07
Unknown	Unknown	RND-1_FAMILY-300	74555	365.47	101	959	172.82	0.1	0.01	0.28	0.06
Unknown	Unknown	RND-1_FAMILY-322	176255	292.3	101	1493	195.13	0.14	0.04	0.36	0.05
Unknown	Unknown	RND-1_FAMILY-326	59110	2686.82	110	14191	3295.45	0.06	0	0.27	0.08
Unknown	Unknown	RND-1_FAMILY-337	32356	622.23	149	973	234.75	0.21	0.11	0.34	0.07
Unknown	Unknown	RND-1_FAMILY-348	118554	963.85	105	12605	1247.83	0.12	0.02	0.31	0.07
Unknown	Unknown	RND-1_FAMILY-351	25442	249.43	111	368	61.04	0.1	0.02	0.22	0.05
Unknown	Unknown	RND-1_FAMILY-356	25798	280.41	103	664	94.99	0.11	0.04	0.22	0.03
Unknown	Unknown	RND-1_FAMILY-359	40341	611.23	102	4908	939.27	0.06	0	0.27	0.06
Unknown	Unknown	RND-1_FAMILY-376	33213	395.39	101	1000	249.8	0.09	0.01	0.2	0.05
Unknown	Unknown	RND-1_FAMILY-378	30292	593.96	103	1051	335.64	0.04	-0	0.26	0.06
Unknown	Unknown	RND-1_FAMILY-38	94171	332.76	106	862	102.38	0.09	-0	0.25	0.04
Unknown	Unknown	RND-1_FAMILY-384	6121	204.03	102	426	95.69	0.13	0.06	0.27	0.04
Unknown	Unknown	RND-1_FAMILY-391	76264	289.98	102	979	193.5	0.09	-0	0.25	0.06
Unknown	Unknown	RND-1_FAMILY-398	168457	584.92	102	2123	437	0.07	0.01	0.33	0.05
Unknown	Unknown	RND-1_FAMILY-4	782021	339.12	101	1271	185.77	0.12	0.02	0.33	0.06
Unknown	Unknown	RND-1_FAMILY-405	11621	154.95	104	294	34.4	0.15	0.06	0.24	0.04
Unknown	Unknown	RND-1_FAMILY-409	19859	389.39	138	564	110.64	0.06	0	0.15	0.04
Unknown	Unknown	RND-1_FAMILY-411	684	114	101	133	10.39	0.12	0.02	0.26	0.1
Unknown	Unknown	RND-1_FAMILY-413	18624	547.76	101	3765	1034.52	0.2	0	0.34	0.08
Unknown	Unknown	RND-1_FAMILY-424	36024	383.23	104	1607	303.73	0.12	0.02	0.26	0.06
Unknown	Unknown	RND-1_FAMILY-436	4263	387.55	111	1635	450.1	0.16	0.05	0.28	0.08
Unknown	Unknown	RND-1_FAMILY-456	3822	764.4	658	915	123.5	0.05	0.01	0.16	0.06
Unknown	Unknown	RND-1_FAMILY-462	36939	419.76	104	1527	292.32	0.12	0.01	0.25	0.05
Unknown	Unknown	RND-1_FAMILY-466	71527	928.92	116	2828	595.67	0.05	0	0.33	0.08
Unknown	Unknown	RND-1_FAMILY-471	46386	362.39	104	1528	299.69	0.11	-0	0.32	0.05
Unknown	Unknown	RND-1_FAMILY-490	4189	598.43	138	826	321.98	0.08	0	0.3	0.12
Unknown	Unknown	RND-1_FAMILY-52	114654	277.61	101	879	133.1	0.19	0.11	0.31	0.04
Unknown	Unknown	RND-1_FAMILY-54	138204	447.26	102	1677	315.01	0.11	0.03	0.29	0.05
Unknown	Unknown	RND-1_FAMILY-8	408657	504.51	102	1383	209.71	0.09	-0	0.33	0.07
Unknown	Unknown	RND-1_FAMILY-86	37386	169.94	101	502	69.58	0.15	0.04	0.36	0.06
Unknown	Unknown	RND-3_FAMILY-1403	21919	208.75	103	666	96.06	0.17	0.06	0.26	0.04
Unknown	Unknown	RND-3_FAMILY-1417	14628	247.93	105	551	100.75	0.13	0.05	0.26	0.05
Unknown	Unknown	RND-3_FAMILY-1473	9469	139.25	101	334	47.19	0.18	0.09	0.26	0.04
Unknown	Unknown	RND-3_FAMILY-22	14715	490.5	125	907	244.3	0.14	0.06	0.24	0.05
Unknown	Unknown	RND-3_FAMILY-221	13678	151.98	101	226	28.1	0.12	0.05	0.21	0.04
Unknown	Unknown	RND-3_FAMILY-239	89670	845.94	102	4736	1140.41	0.18	0.01	0.33	0.08
Unknown	Unknown	RND-3_FAMILY-269	11509	677	133	835	267.41	0.02	-0	0.2	0.05
Unknown	Unknown	RND-3_FAMILY-276	3268	181.56	111	246	30.44	0.04	-0	0.26	0.07
Unknown	Unknown	RND-3_FAMILY-295	35272	248.39	101	751	147.24	0.13	0.03	0.34	0.06
Unknown	Unknown	RND-3_FAMILY-328	20998	244.16	101	793	117.36	0.17	0.07	0.29	0.04
Unknown	Unknown	RND-3_FAMILY-375	19884	233.93	103	480	94.74	0.11	0.04	0.3	0.04
Unknown	Unknown	RND-3_FAMILY-380	107122	388.12	101	1507	264.12	0.1	0.01	0.3	0.05
Unknown	Unknown	RND-3_FAMILY-39	26783	184.71	101	423	63.83	0.2	0.09	0.32	0.04
Unknown	Unknown	RND-3_FAMILY-45	10962	146.16	101	429	56.21	0.2	0.11	0.3	0.04
Unknown	Unknown	RND-3_FAMILY-461	11843	422.96	107	857	239.24	0.06	0.03	0.16	0.03
Unknown	Unknown	RND-3_FAMILY-52	14736	165.57	101	365	60.02	0.21	0.12	0.31	0.05
Unknown	Unknown	RND-3_FAMILY-525	10215	329.52	121	1165	229.97	0.15	0.03	0.34	0.09
Unknown	Unknown	RND-3_FAMILY-6	34074	473.25	106	1479	392.63	0.12	0.01	0.31	0.07
Unknown	Unknown	RND-3_FAMILY-663	223043	738.55	101	1640	470.43	0.07	0	0.33	0.04
Unknown	Unknown	RND-3_FAMILY-73	39841	905.48	107	2313	755.86	0.11	0.01	0.39	0.09
Unknown	Unknown	RND-3_FAMILY-772	37523	199.59	101	578	81.1	0.17	0.06	0.36	0.05
Unknown	Unknown	RND-3_FAMILY-807	19733	181.04	101	436	68.7	0.18	0.1	0.28	0.03
Unknown	Unknown	RND-3_FAMILY-90	4746	139.59	101	230	29.92	0.16	0.1	0.27	0.04
Unknown	Unknown	RND-4_FAMILY-1032	819	117	104	132	10.44	0.2	0.07	0.3	0.07
Unknown	Unknown	RND-4_FAMILY-10721	6416	583.27	169	1109	372.4	0.09	0.05	0.13	0.03
Unknown	Unknown	RND-4_FAMILY-1127	21670	833.46	119	2221	725.91	0.08	0.01	0.17	0.06
Unknown	Unknown	RND-4_FAMILY-122	14891	167.31	101	476	68.94	0.16	0.08	0.27	0.04
Unknown	Unknown	RND-4_FAMILY-1240	3409	148.22	103	332	57.56	0.08	0.05	0.2	0.03
Unknown	Unknown	RND-4_FAMILY-1250	88720	328.59	101	1392	260.81	0.13	0	0.36	0.08
Unknown	Unknown	RND-4_FAMILY-1254	498068	1837.89	103	6922	1982.35	0.12	0	0.42	0.11
Unknown	Unknown	RND-4_FAMILY-1316	1989	117	102	215	27.13	0.22	0.03	0.34	0.06
Unknown	Unknown	RND-4_FAMILY-1329	30331	594.73	114	3509	663.15	0.11	0	0.26	0.07
Unknown	Unknown	RND-4_FAMILY-1338	6316	185.76	106	382	70.67	0.14	0.08	0.2	0.03
Unknown	Unknown	RND-4_FAMILY-1341	14300	408.57	105	1226	220.21	0.06	0.03	0.12	0.02
Unknown	Unknown	RND-4_FAMILY-1392	9064	258.97	105	910	190.12	0.14	0.02	0.31	0.07
Unknown	Unknown	RND-4_FAMILY-1452	1782	118.8	101	185	21.14	0.18	0.11	0.26	0.05
Unknown	Unknown	RND-4_FAMILY-1565	11341	630.06	129	1391	559.1	0.13	0.03	0.33	0.1
Unknown	Unknown	RND-4_FAMILY-1634	13889	262.06	108	799	148.34	0.16	0.04	0.26	0.05
Unknown	Unknown	RND-4_FAMILY-1642	53817	507.71	104	13355	1796.72	0.23	0.01	0.37	0.07
Unknown	Unknown	RND-4_FAMILY-1696	4604	230.2	118	356	66.25	0.25	0.16	0.34	0.04
Unknown	Unknown	RND-4_FAMILY-172	167919	2047.79	108	70559	7910.61	0.14	0.03	0.29	0.08
Unknown	Unknown	RND-4_FAMILY-1841	15416	856.44	134	2766	1008.08	0.15	0	0.29	0.11
Unknown	Unknown	RND-4_FAMILY-1869	8261	229.47	102	550	117.58	0.17	0.05	0.27	0.05
Unknown	Unknown	RND-4_FAMILY-1918	48555	2555.53	242	7250	1824.5	0.14	0.04	0.32	0.09
Unknown	Unknown	RND-4_FAMILY-1967	11751	175.39	101	337	60.53	0.19	0.1	0.27	0.03
Unknown	Unknown	RND-4_FAMILY-2023	4102	141.45	101	211	32.47	0.21	0.1	0.32	0.04
Unknown	Unknown	RND-4_FAMILY-2140	2904	207.43	102	362	87.4	0.18	0.12	0.34	0.06
Unknown	Unknown	RND-4_FAMILY-2151	19978	350.49	105	1856	359.87	0.1	0	0.31	0.08
Unknown	Unknown	RND-4_FAMILY-2155	15953	183.37	109	317	36.45	0.18	0.1	0.27	0.04
Unknown	Unknown	RND-4_FAMILY-2190	7492	249.73	103	575	135.74	0.09	0.04	0.22	0.04
Unknown	Unknown	RND-4_FAMILY-2231	8104	245.58	101	626	127.44	0.15	0.06	0.25	0.05
Unknown	Unknown	RND-4_FAMILY-2289	10464	317.09	101	817	179.28	0.16	0.06	0.25	0.06
Unknown	Unknown	RND-4_FAMILY-2294	60243	734.67	116	2131	611.57	0.17	0.05	0.39	0.08
Unknown	Unknown	RND-4_FAMILY-2359	10645	163.77	101	306	44.32	0.19	0.08	0.3	0.04
Unknown	Unknown	RND-4_FAMILY-2376	12529	284.75	138	846	119.98	0.04	0.01	0.11	0.03
Unknown	Unknown	RND-4_FAMILY-243	73319	3858.89	117	22582	6626.84	0.09	-0	0.25	0.08
Unknown	Unknown	RND-4_FAMILY-2433	22489	548.51	123	1402	506.6	0.26	0.1	0.4	0.07
Unknown	Unknown	RND-4_FAMILY-2458	18375	556.82	102	2007	525.14	0.23	0.14	0.35	0.04
Unknown	Unknown	RND-4_FAMILY-2501	39134	1185.88	127	2901	927.27	0.14	0.06	0.27	0.05
Unknown	Unknown	RND-4_FAMILY-261	35899	629.81	116	1651	242.54	0.26	0.14	0.34	0.04
Unknown	Unknown	RND-4_FAMILY-2649	486	162	124	218	49.52	0.13	0.1	0.15	0.03
Unknown	Unknown	RND-4_FAMILY-2675	55915	635.4	104	3224	657.13	0.14	0.01	0.31	0.07
Unknown	Unknown	RND-4_FAMILY-268	4384	208.76	104	443	105.04	0.13	0.07	0.2	0.04
Unknown	Unknown	RND-4_FAMILY-2684	9038	231.74	102	578	115.3	0.18	0	0.32	0.07
Unknown	Unknown	RND-4_FAMILY-288	920	115	103	128	10.95	0.17	0.08	0.23	0.05
Unknown	Unknown	RND-4_FAMILY-29	12412	225.67	102	743	149.65	0.16	0.05	0.29	0.05
Unknown	Unknown	RND-4_FAMILY-2949	16434	249	101	685	138.57	0.18	0.04	0.27	0.05
Unknown	Unknown	RND-4_FAMILY-2970	5232	174.4	104	317	55.91	0.11	0.02	0.2	0.03
Unknown	Unknown	RND-4_FAMILY-3024	12964	177.59	103	436	60.67	0.17	0.08	0.24	0.04
Unknown	Unknown	RND-4_FAMILY-3061	16031	182.17	101	561	86.84	0.18	0.09	0.28	0.04
Unknown	Unknown	RND-4_FAMILY-3088	23408	450.15	123	1138	318.37	0.24	0.12	0.33	0.04
Unknown	Unknown	RND-4_FAMILY-3217	2621	131.05	101	223	26.49	0.11	0.05	0.17	0.04
Unknown	Unknown	RND-4_FAMILY-3269	7572	420.67	128	822	248.63	0.07	0.02	0.11	0.02
Unknown	Unknown	RND-4_FAMILY-3287	34814	710.49	106	2903	727.27	0.12	0.04	0.3	0.06
Unknown	Unknown	RND-4_FAMILY-3533	11542	202.49	101	407	97.73	0.14	0.06	0.28	0.06
Unknown	Unknown	RND-4_FAMILY-379	44623	1538.72	250	3644	1002.83	0.13	0.08	0.17	0.02
Unknown	Unknown	RND-4_FAMILY-386	26408	1015.69	101	2168	685.89	0.14	0.05	0.32	0.07
Unknown	Unknown	RND-4_FAMILY-387	49763	1036.73	115	4881	1075.11	0.14	0.03	0.27	0.06
Unknown	Unknown	RND-4_FAMILY-4107	3433	264.08	104	601	161.11	0.16	0.06	0.24	0.05
Unknown	Unknown	RND-4_FAMILY-425	332	110.67	101	120	9.5	0.17	0.17	0.18	0.01
Unknown	Unknown	RND-4_FAMILY-4287	5608	200.29	101	563	121.21	0.1	0.03	0.18	0.03
Unknown	Unknown	RND-4_FAMILY-4298	41702	1544.52	102	19321	5116.31	0.21	0	0.28	0.07
Unknown	Unknown	RND-4_FAMILY-4354	198	198	198	198	NA	0.24	0.24	0.24	NA
Unknown	Unknown	RND-4_FAMILY-442	6422	178.39	101	342	67.2	0.17	0.11	0.24	0.04
Unknown	Unknown	RND-4_FAMILY-4435	26703	651.29	120	1777	471.92	0.08	0.04	0.24	0.06
Unknown	Unknown	RND-4_FAMILY-469	11623	154.97	103	347	55.32	0.2	0.1	0.31	0.04
Unknown	Unknown	RND-4_FAMILY-4757	5820	200.69	105	385	77.59	0.09	0.03	0.18	0.03
Unknown	Unknown	RND-4_FAMILY-48	59402	1381.44	103	4660	1208.02	0.14	0.03	0.29	0.05
Unknown	Unknown	RND-4_FAMILY-488	10582	215.96	102	458	93.48	0.17	0.09	0.22	0.03
Unknown	Unknown	RND-4_FAMILY-5096	35626	556.66	113	1443	356.56	0.14	0.03	0.3	0.07
Unknown	Unknown	RND-4_FAMILY-5261	4181	245.94	128	416	95.26	0.12	0.08	0.17	0.03
Unknown	Unknown	RND-4_FAMILY-5342	5097	254.85	102	907	200.67	0.2	0.08	0.34	0.06
Unknown	Unknown	RND-4_FAMILY-55	19647	854.22	114	2100	602.3	0.12	0.07	0.21	0.04
Unknown	Unknown	RND-4_FAMILY-5544	46450	318.15	102	1157	210.73	0.12	0.01	0.31	0.06
Unknown	Unknown	RND-4_FAMILY-5590	4354	197.91	102	375	69.95	0.1	0.03	0.23	0.06
Unknown	Unknown	RND-4_FAMILY-56	25422	1955.54	315	5523	2018.07	0.1	0.02	0.2	0.05
Unknown	Unknown	RND-4_FAMILY-597	7502	163.09	104	310	53.46	0.1	0.04	0.21	0.04
Unknown	Unknown	RND-4_FAMILY-6227	4448	164.74	105	423	76.81	0.17	0.07	0.3	0.05
Unknown	Unknown	RND-4_FAMILY-639	20063	172.96	102	299	51.03	0.13	0.07	0.22	0.03
Unknown	Unknown	RND-4_FAMILY-68	13670	317.91	101	1218	254.57	0.16	0.01	0.24	0.07
Unknown	Unknown	RND-4_FAMILY-684	38399	399.99	104	1778	336.08	0.11	0.04	0.26	0.05
Unknown	Unknown	RND-4_FAMILY-687	17639	232.09	104	463	97.81	0.16	0.07	0.28	0.04
Unknown	Unknown	RND-4_FAMILY-6953	9795	515.53	117	3369	867.11	0.09	0.02	0.17	0.05
Unknown	Unknown	RND-4_FAMILY-6999	14209	568.36	127	807	223.71	0.22	0.12	0.32	0.05
Unknown	Unknown	RND-4_FAMILY-7852	5428	236	101	559	130.69	0.16	0.08	0.24	0.04
Unknown	Unknown	RND-4_FAMILY-850	12511	379.12	105	1360	288.39	0.09	0.03	0.27	0.06
Unknown	Unknown	RND-4_FAMILY-865	37544	1976	118	10495	2299.81	0.06	0	0.23	0.07
Unknown	Unknown	RND-4_FAMILY-867	464	154.67	102	205	51.54	0.2	0.18	0.21	0.02
Unknown	Unknown	RND-4_FAMILY-8687	100386	2868.17	119	16022	3352.67	0.05	0	0.24	0.06
Unknown	Unknown	RND-4_FAMILY-881	2872	124.87	101	163	15.71	0.16	0.1	0.25	0.04
Unknown	Unknown	RND-4_FAMILY-8996	4367	229.84	102	368	85.99	0.06	0.01	0.16	0.05
Unknown	Unknown	RND-4_FAMILY-915	30040	1072.86	109	4608	1367.68	0.07	0	0.22	0.06
Unknown	Unknown	RND-4_FAMILY-932	3637	202.06	107	407	83.09	0.18	0.1	0.26	0.05
Unknown	Unknown	RND-4_FAMILY-935	10472	187	102	646	103.62	0.16	0.07	0.33	0.06
Unknown	Unknown	RND-4_FAMILY-942	4769	132.47	101	268	39.96	0.2	0.09	0.35	0.06
Unknown	Unknown	RND-4_FAMILY-993	7374	147.48	101	229	33.27	0.18	0.09	0.3	0.04
Unknown	Unknown	RND-5_FAMILY-843	40259	875.2	101	1974	590.06	0.18	0.01	0.29	0.06
